{ 
	"Trustmark" : {
		"Identifier": "http://trustmark.gtri.gatech.edu/sampletrustmarks/amazon/dataquality/dataaccuracy/dataaccuracy.xml",
		"TrustmarkDefinitionReference": {
				"Identifier": "http://trustmark.gtri.gatech.edu/sampletds/dataquality/dataaccuracy/dataaccuracy.xml",
				"Name": "Maintain Data Quality through Data Accuracy",
				"Version": "1.0",
				"Description": "Ensures that the collected data is accurate"			
				},
		"IssueDateTime": "2014-08-21T09:06:00",
		"StatusURL": "http://trustmark.gtri.gatech.edu/schema/examples/trustmark-status-reports/query?tmid=IDENTIFIER",
		"Provider": {
			"Identifier": "http://trustmark.gtri.gatech.edu/",
			"Name": "GTRI Trustmark Pilot",
			"Contact": {
				"Type": "PRIMARY",
				"Email": "TrustmarkFeedback@gtri.gatech.edu"
				}
			},
		"Recipient": {
			"Identifier": "www.amazon.com",
			"Name": "Amazon, Inc",
			"Contact": {
				"Type": "PRIMARY",
				"Email": "alice@amazon.com"
			}
			
		}

		}
}

