{ 
	"Trustmark" : {
		"Identifier": "http://trustmark.gtri.gatech.edu/sampletrustmarks/amazon/minimization/optin/datause.xml",
		"TrustmarkDefinitionReference": {
				"Identifier": "http://trustmark.gtri.gatech.edu/sampletds/minimization/optin/datause.xml",
				"Name": "Minimize Data Use via Opt-in consent",
				"Version": "1.0",
				"Description": "Enables users to control usage of their data via opt-in consent"			
				},
		"IssueDateTime": "2014-08-21T09:06:00",
		"StatusURL": "http://trustmark.gtri.gatech.edu/schema/examples/trustmark-status-reports/query?tmid=IDENTIFIER",
		"Provider": {
			"Identifier": "http://trustmark.gtri.gatech.edu/",
			"Name": "GTRI Trustmark Pilot",
			"Contact": {
				"Type": "PRIMARY",
				"Email": "TrustmarkFeedback@gtri.gatech.edu"
				}
			},
		"Recipient": {
			"Identifier": "www.amazon.com",
			"Name": "Amazon,Inc",
			"Contact": {
				"Type": "PRIMARY",
				"Email": "alice@amazon.com"
			}
			
		}

		}
}

