{ 
	"Trustmark" : {
		"Identifier": "http://trustmark.gtri.gatech.edu/sampletrustmarks/udacity/minimization/specifiedpurpose/datadisclosure.xml",
		"TrustmarkDefinitionReference": {
				"Identifier": "http://trustmark.gtri.gatech.edu/sampletds/minimization/contextualpurpose/datadisclosure.xml",
				"Name": "Minimize Data Disclosure via Contextual Purpose",
				"Version": "1.0",
				"Description": "Shares user data for purposes contextual to a site's functionality"			
				},
		"IssueDateTime": "2014-08-21T09:06:00",
		"StatusURL": "http://trustmark.gtri.gatech.edu/schema/examples/trustmark-status-reports/query?tmid=IDENTIFIER",
		"Provider": {
			"Identifier": "http://trustmark.gtri.gatech.edu/",
			"Name": "GTRI Trustmark Pilot",
			"Contact": {
				"Type": "PRIMARY",
				"Email": "TrustmarkFeedback@gtri.gatech.edu"
				}
			},
		"Recipient": {
			"Identifier": "www.udacity.com",
			"Name": "Udacity",
			"Contact": {
				"Type": "PRIMARY",
				"Email": "alice@udacity.com"
			}
			
		}

		}
}

