{
  "TrustInteroperabilityProfile" : 
	{
		"id": "dataquality_tip",
		"Identifier": "http://trustmark.gtri.gatech.edu/schema/trust-interoperability-profiles/dataquality.xml",
		"Name" : "Data Accuracy, Completeness and Freshness",
		"PublicationDateTime": "2014-08-21T11:59:59",
		"Issuer": {
			"Identifier": "http://trustmark.gtri.gatech.edu/",
			"Name": "GTRI Trustmark Pilot",
			"Contact": {
				"Type": "PRIMARY",
				"Email": "TrustmarkFeedback@gtri.gatech.edu"
			}
		},
	"References": {
		"TrustmarkDefinitionReferenceList":
		[
		{"TrustmarkDefinitionReference": {
				"@id": "dataquality_accuracy",
				"Identifier": "http://trustmark.gtri.gatech.edu/sampletds/dataquality/dataaccuracy/dataaccuracy.xml",
				"Name": "Maintain Data Quality through Data Accuracy",
				"Description": "Ensures that the collected data is accurate"
		}},
		{"TrustmarkDefinitionReference": {
				"@id": "dataquality_completion",
				"Identifier" : "http://trustmark.gtri.gatech.edu/sampletds/dataquality/dataaccuracy/datacompletion.xml",
				"Name": "Maintain Data Quality through Data Completeness",
				"Description" : "Ensures that the collected data is complete"
		}},
		{"TrustmarkDefinitionReference": {
                                "@id": "dataquality_freshness",
                                "Identifier" : "http://trustmark.gtri.gatech.edu/sampletds/dataquality/dataaccuracy/datafreshness.xml",
				"Name": "Maintain Data Quality through Data Freshness",
				"Description" : "Ensures that the collected data is fresh"
                }}]
	},
	"TrustExpression": "http://trustmark.gtri.gatech.edu/sampletds/dataquality/dataaccuracy/datacompletion.xml and http://trustmark.gtri.gatech.edu/sampletds/dataquality/dataaccuracy/dataaccuracy.xml and http://trustmark.gtri.gatech.edu/sampletds/dataquality/dataaccuracy/datafreshness.xml"
	}
}
