{ 
	"Trustmark" : {
		"Identifier": "http://trustmark.gtri.gatech.edu/sampletrustmarks/healthvault/access/personaldata/modify.xml",
		"TrustmarkDefinitionReference": {
				"Identifier": "http://trustmark.gtri.gatech.edu/sampletds/access/personaldata/modify.xml",
				"Name": "Access to modify personal data",
				"Version": "1.0",
				"Description": "Enables users to modify personal data"			
				},
		"IssueDateTime": "2014-08-21T09:06:00",
		"StatusURL": "http://trustmark.gtri.gatech.edu/schema/examples/trustmark-status-reports/query?tmid=IDENTIFIER",
		"Provider": {
			"Identifier": "http://trustmark.gtri.gatech.edu/",
			"Name": "GTRI Trustmark Pilot",
			"Contact": {
				"Type": "PRIMARY",
				"Email": "TrustmarkFeedback@gtri.gatech.edu"
				}
			},
		"Recipient": {
			"Identifier": "www.healthvault.com",
			"Name": "HealthVault",
			"Contact": {
				"Type": "PRIMARY",
				"Email": "alice@healthvault.com"
			}
			
		}

		}
}

