{ 
	"Trustmark" : {
		"Identifier": "http://trustmark.gtri.gatech.edu/sampletrustmarks/healthvault/transparency/notification/collecteddata.xml",
		"TrustmarkDefinitionReference": {
				"Identifier": "http://trustmark.gtri.gatech.edu/sampletds/transparency/notification/collecteddata.xml",
				"Name": "Transparency through notification of collected data types",
				"Version": "1.0",
				"Description": "Notifies users of types of data collected"	
				},
		"IssueDateTime": "2014-08-21T09:06:00",
		"StatusURL": "http://trustmark.gtri.gatech.edu/schema/examples/trustmark-status-reports/query?tmid=IDENTIFIER",
		"Provider": {
			"Identifier": "http://trustmark.gtri.gatech.edu/",
			"Name": "GTRI Trustmark Pilot",
			"Contact": {
				"Type": "PRIMARY",
				"Email": "TrustmarkFeedback@gtri.gatech.edu"
				}
			},
		"Recipient": {
			"Identifier": "www.healthvault.com",
			"Name": "HealthVault",
			"Contact": {
				"Type": "PRIMARY",
				"Email": "alice@healthvault.com"
			}
			
		}

		}
}

