{ 
	"Trustmark" : {
		"Identifier": "http://trustmark.gtri.gatech.edu/sampletrustmarks/facebook/accountability/databindingtopolicy/termination.xml",
		"TrustmarkDefinitionReference": {
				"Identifier": "http://trustmark.gtri.gatech.edu/sampletds/accountability/databindingtopolicy/termination.xml",
				"Name": "Maintain Data Binding on Relationship Termination",
				"Version": "1.0",
				"Description": "Deletion of collected user data upon termination of user account"			
				},
		"IssueDateTime": "2014-08-21T09:06:00",
		"StatusURL": "http://trustmark.gtri.gatech.edu/schema/examples/trustmark-status-reports/query?tmid=IDENTIFIER",
		"Provider": {
			"Identifier": "http://trustmark.gtri.gatech.edu/",
			"Name": "GTRI Trustmark Pilot",
			"Contact": {
				"Type": "PRIMARY",
				"Email": "TrustmarkFeedback@gtri.gatech.edu"
				}
			},
		"Recipient": {
			"Identifier": "www.facebook.com",
			"Name": "Facebook,Inc",
			"Contact": {
				"Type": "PRIMARY",
				"Email": "alice@facebook.com"
			}
			
		}

		}
}

