{ 
	"Trustmark" : {
		"Identifier": "http://trustmark.gtri.gatech.edu/sampletrustmarks/bofa/transparency/disclosure/policy.xml",
		"TrustmarkDefinitionReference": {
				"Identifier": "http://trustmark.gtri.gatech.edu/sampletds/transparency/disclosure/policy.xml",
				"Name": "Transparency through disclosure of policy, purpose and related updates.",
				"Version": "1.0",
				"Description": "Discloses privacy policy, purpose and related updates"	
				},
		"IssueDateTime": "2014-08-21T09:06:00",
		"StatusURL": "http://trustmark.gtri.gatech.edu/schema/examples/trustmark-status-reports/query?tmid=IDENTIFIER",
		"Provider": {
			"Identifier": "http://trustmark.gtri.gatech.edu/",
			"Name": "GTRI Trustmark Pilot",
			"Contact": {
				"Type": "PRIMARY",
				"Email": "TrustmarkFeedback@gtri.gatech.edu"
				}
			},
		"Recipient": {
			"Identifier": "www.bankofamerica.com",
			"Name": "Bank of America",
			"Contact": {
				"Type": "PRIMARY",
				"Email": "alice@bankofamerica.com"
			}
			
		}

		}
}

